Product Name,Image Filename
Pachanrattan Syrup,page-001-img-01.png
Active Energy Syrup,page-001-img-02.png
Hercordial,page-001-img-03.png
Ayurpure,page-001-img-04.png
Yakritrattan,page-001-img-05.png
Kuff Ratan,page-001-img-06.png
Bed Wet Go,page-001-img-07.png
Kutaj Cure,page-001-img-08.png
Shankh Pushpi,
Kastone,page-001-img-10.png
Immunerattan Syrup,page-001-img-11.png
Uric Acid Syrup,page-001-img-12.png
Laxure Kids Syrup,page-001-img-13.png
Gaujawan Arq,page-001-img-14.png
Gulab Arq,page-001-img-15.png
Punarnava Arq,page-001-img-16.png
Makoy Arq,page-001-img-17.png
Khasni Arq,page-001-img-18.png
Saunf Arq,page-001-img-19.png
Joshanda Syrup,page-001-img-20.png
Female Cordial,
Chawarka Kids,
Laxure Adult,
Balya Rattan Syrup,
Amla Powder,page-001-img-21.png
Amla Reetha Shikakai,page-001-img-22.png
Hibiscus Powder,page-001-img-23.png
Moringa Powder,page-001-img-24.png
Arjun Chaal,page-001-img-25.png
Bhringraj Powder,page-001-img-26.png
Derma Care Powder,page-001-img-27.png
Gokhru Powder,
Indigo Powder,page-001-img-28.png
Kaunch Beej Powder,page-001-img-29.png
Orange Peel Powder,page-001-img-30.png
Ashwagandha Powder,page-001-img-31.png
Neem Powder,page-001-img-32.png
Shatavari Powder,page-001-img-33.png
Multani Mitti,page-001-img-34.png
Neem Karela Jamun Powder,
Mulethi Powder,
Amba Haldi Powder,
Ashwagandha Capsule,page-001-img-35.png
Haridra Capsule,page-001-img-36.png
Arjuna Capsule,page-001-img-37.png
Shatavari Capsule,page-001-img-38.png
Amla Capsule,page-001-img-39.png
Shilajit Capsule,page-001-img-40.png
Trifla Capsule,page-001-img-41.png
Hadjod Capsule,page-001-img-42.png
Neem Capsule,page-001-img-43.png
Gokhru Capsule,page-001-img-44.png
Bhringraj Oil,
Onion Oil,page-001-img-45.png
Badam rogan Oil,
Khas Khas Oil,page-001-img-46.png
Garlic Oil,
Walnut Oil,
Malkangni Oil,page-001-img-47.png
Kalounji Oil,page-001-img-48.png
Rosemary Oil,
Neem Oil,page-001-img-49.png
Castor Oil,
Lawki Oil,page-001-img-50.png
Amla Juice,
Karela Jamun Juice,page-001-img-52.png
Aloe Vera Juice,page-001-img-53.png
Giloy Juice,page-001-img-54.png
Supari Pak,page-001-img-55.png
Salam Pak,page-001-img-56.png
Moosli Pak,page-001-img-57.png
Konch Pak,page-001-img-58.png
Erand Pak,page-001-img-59.png
Ashwagandha Pak,page-001-img-60.png
Badam Pak,
Soft Bowl,page-001-img-61.png
Madhunashneem,page-001-img-62.png
Amla Churna,page-001-img-63.png
Bhumi Amla,page-001-img-64.png
Triphla Churna,page-001-img-65.png
Panchtrimool,page-001-img-66.png
Soft Bowl Junior,
